forecast_origin,strategy,model_size,last_quarter,n_obs,lambda,theta,miu,psi
2000-03-31,mango_mdd,medium,1999Q4,164,2.4089532239472966,18.260946456705778,0.7967385214578491,"[18.85651196125417, 5.25954652802361, 38.936877848999714, 2.37629147083031, 806.1086770434781, 17.377013836411606, 3.7743852550270334]"
2000-06-30,mango_mdd,medium,2000Q1,183,0.5204672349775052,0.559839628360651,2.695205113560793,"[8.815396531268984, 1.1847485296503915, 9.500801753086623, 6.831427599625786, 140.55965655755335, 14.862406692800972, 13.633484323125325]"
2000-09-30,mango_mdd,medium,2000Q2,184,0.48227556454550474,4.31223181100001,1.6185776926753188,"[18.422993963261607, 0.28317381384510426, 8.526267325990233, 13.62369213975242, 139.89625441549927, 2.116061523387904, 27.361320272389783]"
2000-12-31,mango_mdd,medium,2000Q3,185,0.5934320063900808,4.885717598823492,1.6525749919679704,"[13.826712537598036, 2.610282047429875, 19.19664169153427, 2.900356832522169, 761.3734533332033, 6.104984284447175, 5.228031707649096]"
2001-03-31,mango_mdd,medium,2000Q4,186,1.8865977294694631,2.5094059916226543,9.036356969837197,"[2.187555565014024, 4.222564588654894, 5.432110406846455, 9.484560519374773, 621.382281733291, 49.277317077942065, 17.44327263463056]"
2001-06-30,mango_mdd,medium,2001Q1,187,0.8181589475217286,5.5366289532047555,17.030325342416653,"[4.6763540435475806, 2.7693332302533, 9.095695035559405, 4.609031518797223, 223.1284265869332, 0.8506673712460427, 13.959387782736316]"
2001-09-30,mango_mdd,medium,2001Q2,188,0.8467138378072272,17.543386917668645,1.614789025152128,"[11.489677320925903, 3.319568803380974, 30.956886754048345, 4.448539057770566, 258.55471730089346, 2.3590438482909484, 2.0069167152692513]"
2001-12-31,mango_mdd,medium,2001Q3,189,0.5204672349775052,0.559839628360651,2.695205113560793,"[8.674601739944778, 1.1585910630450276, 9.386568820728932, 6.552477174985204, 138.82006833717818, 14.81696226111961, 14.27010055461799]"
2002-03-31,mango_mdd,medium,2001Q4,190,1.1785671909163014,0.709594313651713,3.7514285632776465,"[4.188982686455806, 3.419681782688888, 34.98562407782965, 5.083110672266753, 235.28599296929676, 6.999296373344111, 9.739418000347824]"
2002-06-30,mango_mdd,medium,2002Q1,191,0.8760116308517212,10.30477170370437,1.5513347275530354,"[6.2194880765071145, 3.871339404090581, 9.483282819445488, 1.2818546448949004, 743.8614570726119, 3.6851080115970745, 13.721036204445115]"
2002-09-30,mango_mdd,medium,2002Q2,192,0.6731362417487213,2.6126981513636185,2.505294906490843,"[11.41417190347515, 1.5096291383168459, 32.727025827224715, 4.8065262663712325, 819.154400202508, 1.3296035653806038, 7.995411717506486]"
2002-12-31,mango_mdd,medium,2002Q3,193,0.6844706281977225,3.957239028947998,3.9507016736567353,"[14.118044974502153, 0.7286788036814601, 42.11636004592054, 47.62745296151416, 72.55099164757146, 41.36790865856393, 19.52118159540134]"
2003-03-31,mango_mdd,medium,2002Q4,194,0.6570678362224186,1.2299222413512625,7.471296465207019,"[6.10552122610569, 2.448028933186818, 5.818196929474258, 13.090583614342032, 186.62226982564815, 10.172749241356884, 10.866083871705449]"
2003-06-30,mango_mdd,medium,2003Q1,195,0.5204672349775052,0.559839628360651,2.695205113560793,"[8.462618569579613, 1.155828757520551, 9.245130810094313, 6.384591637995999, 136.7734536459094, 14.747445063280574, 15.670724167554022]"
2003-09-30,mango_mdd,medium,2003Q2,196,0.3305584101150324,2.4550019515579637,4.0217374454181805,"[5.912218030953836, 0.2808931280236458, 49.693079444122915, 7.638268263927913, 87.44873495440504, 4.7844047671117, 1.0004393807362701]"
2003-12-31,mango_mdd,medium,2003Q3,197,1.558112879917263,1.0516831273215914,4.693891568288952,"[10.52177297619524, 1.8233973435288187, 21.045860559592626, 9.918491794240747, 74.6722100543617, 8.707732142144382, 26.282129923682977]"
2004-03-31,mango_mdd,medium,2003Q4,198,0.9792585649148067,5.363335463773704,0.5195956902992869,"[4.662143674356092, 1.4985037201018587, 6.870801289250527, 0.4582060192942777, 230.1209813512899, 0.20017058690251896, 10.771912538502258]"
2004-06-30,mango_mdd,medium,2004Q1,199,0.7580930453576631,4.178641822815875,9.708778860375153,"[7.135606617522981, 11.545937015659755, 39.30040890098877, 12.659493668740902, 394.0347820671728, 48.073828579743534, 33.052525468910105]"
2004-09-30,mango_mdd,medium,2004Q2,200,0.3305584101150324,2.4550019515579637,4.0217374454181805,"[5.794457225706254, 0.2770052614087185, 48.747120083634606, 7.406996604523546, 88.07131174304338, 4.656653076527472, 1.0669798445853547]"
2004-12-31,mango_mdd,medium,2004Q3,201,0.8596683936627736,13.178413150915928,9.942848770914697,"[17.856701608525363, 10.429906961143718, 17.69190411916855, 13.604817237364305, 1021.4918112135912, 6.962390025375919, 20.503951737949894]"
2005-03-31,mango_mdd,medium,2004Q4,202,0.9235475232958507,0.6279706255746244,0.0522838218496559,"[2.793481834345119, 2.1483945642944837, 48.91369795316863, 7.945034178628831, 71.80281251412488, 5.7579136247897305, 22.626240356186628]"
2005-06-30,mango_mdd,medium,2005Q1,203,0.9235475232958507,0.6279706255746244,0.0522838218496559,"[2.7797469928590472, 2.1376675235598652, 48.69769023873353, 7.904738211468601, 71.48174909061649, 5.793009559039037, 23.633797046834772]"
2005-09-30,mango_mdd,medium,2005Q2,204,0.4878403138079716,17.10594612783955,1.8399197648936056,"[1.6424046479921115, 1.5884348138612046, 11.182888917579902, 3.3935122122175003, 540.6372859728468, 2.7866765319854068, 24.29661568172488]"
2005-12-31,mango_mdd,medium,2005Q3,205,1.3025580776295296,9.893382664348792,4.000729811402151,"[2.339733349789352, 0.5182210498121806, 4.105965743861378, 9.002386977746758, 471.6753214048414, 2.7670961040015163, 2.080680715107659]"
2006-03-31,mango_mdd,medium,2005Q4,206,1.7413600742397433,3.6284409025994058,0.03174292489842855,"[3.380857706653257, 0.41516146455193953, 32.256770769553256, 11.949343875437846, 620.1153140388158, 5.215988656580689, 9.866073628187015]"
2006-06-30,mango_mdd,medium,2006Q1,207,0.3470058285227397,2.2192750410645687,10.879854867695789,"[0.6981078951576285, 0.5284570215936215, 44.09578419558887, 2.0399795939733294, 599.4222131812313, 6.809597760897555, 3.0696309502255006]"
2006-09-30,mango_mdd,medium,2006Q2,208,0.9235475232958507,0.6279706255746244,0.0522838218496559,"[2.721621386749901, 2.0671598848360313, 47.672876648069845, 7.7958991160948115, 69.58654110817066, 5.609110772371558, 24.975330837686652]"
2006-12-31,mango_mdd,medium,2006Q3,209,0.87985008137501,0.8283540106341101,2.733145936428945,"[16.498539381294542, 0.23135025379410773, 30.8930573502234, 7.788850087957753, 231.35019587016535, 15.933014499776052, 35.00818544750556]"
2007-03-31,mango_mdd,medium,2006Q4,210,0.9235475232958507,0.6279706255746244,0.0522838218496559,"[2.695974992727102, 2.0546369864520155, 47.22476514237485, 7.724447200175193, 69.31253612876971, 5.5686467909799955, 27.622582488787938]"
2007-06-30,mango_mdd,medium,2007Q1,211,0.9815309304041151,1.7468985212816823,9.860565330498417,"[2.9058083781352795, 0.16472566923552923, 2.7704804204087408, 4.067352695490055, 279.435897339801, 4.365821304055051, 29.564451159257814]"
2007-09-30,mango_mdd,medium,2007Q2,212,0.2857924336521543,4.85875886228671,4.624870544485143,"[0.270995861650247, 0.2050977849677746, 71.10687606754095, 6.871909188011239, 321.635189321826, 11.967259771865352, 19.33833158958414]"
2007-12-31,mango_mdd,medium,2007Q3,213,0.7001565387054254,0.8368961804256735,1.1342400805085846,"[6.22369753928374, 2.777721033322545, 29.414608974598213, 6.130456982377226, 165.54316679141883, 28.59799482746827, 7.2328014465708295]"
2008-03-31,mango_mdd,medium,2007Q4,214,1.4772325860895852,1.9380479272274265,3.440367716592019,"[5.401588750010886, 1.215315492653581, 64.90448899031703, 7.7830586998081515, 176.66961141189455, 15.222063024030712, 24.632218448112223]"
2008-06-30,mango_mdd,medium,2008Q1,215,0.9235475232958507,0.6279706255746244,0.0522838218496559,"[2.6495262660737153, 2.0148491387345655, 46.689342615709585, 7.560578051913322, 68.1257757581993, 5.49134968221278, 26.907369671560858]"
2008-09-30,mango_mdd,medium,2008Q2,216,0.7731436052095315,1.5459610363552732,5.381929809474319,"[10.249669300823834, 2.1228213160302056, 16.082918338607627, 7.536184694685775, 306.0177342322828, 5.651383078857149, 19.832768357291336]"
2008-12-31,mango_mdd,medium,2008Q3,217,0.5347687129044455,0.8164267081842121,3.045617300117452,"[13.09040645093055, 0.4737618201566566, 44.43438366183381, 4.34471694701266, 333.0898087890136, 3.5973204234818463, 35.02905616111176]"
2009-03-31,mango_mdd,medium,2008Q4,218,0.5347687129044455,0.8164267081842121,3.045617300117452,"[13.436011283614544, 0.4740947254865956, 44.82346030523661, 4.467889068255023, 335.31173440652196, 3.746153969419381, 39.452195825719315]"
2009-06-30,mango_mdd,medium,2009Q1,219,1.03922500099904,2.9304958644015393,3.4098242493170163,"[13.302143473614436, 2.4823078981919133, 23.150197073191364, 3.992676511820876, 322.96267033646836, 20.505658391042502, 7.277787532205842]"
2009-09-30,mango_mdd,medium,2009Q2,220,1.151782974704184,0.9741125512046678,13.477683198591306,"[11.515204761289858, 3.5753101718358207, 40.356036779172165, 1.0238554217930456, 91.01606634570629, 9.6363881031738, 8.276803741705173]"
2009-12-31,mango_mdd,medium,2009Q3,221,0.6931960318456879,6.137747507237565,7.6271764039106875,"[2.3541125678862893, 4.911558112081303, 1.1522883539064812, 2.9038597949563565, 121.18504093856508, 9.689663545559796, 8.733728118363626]"
2010-03-31,mango_mdd,medium,2009Q4,222,1.2003539195865434,10.100559771455192,0.9030918451622116,"[0.9684795512419412, 5.123455365018273, 8.140003484956562, 8.832393891877915, 243.88997045010694, 4.352610257385763, 29.36473932376292]"
2010-06-30,mango_mdd,medium,2010Q1,223,0.6292255445907794,3.6075185132076655,11.546525482387372,"[6.527918952946806, 2.0863147360768273, 47.43429353051876, 1.953453043013541, 237.6833980513757, 13.68518077394072, 41.410031789423954]"
2010-09-30,mango_mdd,medium,2010Q2,224,0.38448200953179507,8.132917394136452,4.809649474197692,"[6.479913547167479, 0.1757583583743995, 55.12756500381663, 0.7733807150212113, 108.63998630190143, 0.07890994642821773, 30.474422803390652]"
2010-12-31,mango_mdd,medium,2010Q3,225,0.9391974919450125,7.494517729990909,4.346672847455817,"[15.810995083300035, 1.7149556239573518, 19.97640431807378, 5.512412041333709, 148.55675895482128, 33.9556754975515, 10.6358579164692]"
2011-03-31,mango_mdd,medium,2010Q4,226,0.9057546607018708,0.08628533911706197,2.183770024259376,"[14.508472072484896, 1.5484186126451023, 8.634505770826902, 7.091517041777184, 285.83639468959575, 4.061126689118726, 7.59742992142513]"
2011-06-30,mango_mdd,medium,2011Q1,227,1.3077192342608728,2.7403258223504507,2.6394601510279014,"[19.02738909786184, 4.443421453913938, 48.79935936234522, 12.129337793100063, 203.2738453685409, 3.07289043407058, 6.997682134168341]"
2011-09-30,mango_mdd,medium,2011Q2,228,1.2045643826758332,19.930994201173668,1.3438759484818836,"[13.428700112565986, 0.32993957086544456, 28.753652597784765, 6.152610483479422, 279.06237937486094, 2.3473106854600525, 23.77651893095343]"
2011-12-31,mango_mdd,medium,2011Q3,229,0.5245101470625906,2.483719193181494,8.899340467765818,"[4.277302867120601, 1.245043822515341, 22.35046768547203, 6.015695375925148, 521.2804967155408, 4.843441004286088, 6.640295934444585]"
2012-03-31,mango_mdd,medium,2011Q4,230,1.9325540124873974,6.427759719600158,3.738572763042848,"[5.400777317658975, 0.6647470284374679, 5.231578282772368, 8.049854350295991, 791.994933632453, 6.2836385232471335, 17.12325463795362]"
2012-06-30,mango_mdd,medium,2012Q1,231,0.8787164542986313,20.39186103945454,0.10037546038836966,"[17.297049515461463, 0.48322052976698837, 24.601066110500653, 5.168644835387907, 568.9804658695474, 2.8226897784773395, 10.190541554406478]"
2012-09-30,mango_mdd,medium,2012Q2,232,1.605038791674612,15.017107691340442,1.8628953537728992,"[0.7749610722104708, 2.1776609240565548, 26.246762678157737, 4.977014366654367, 110.91662496234463, 5.585841284543468, 18.656184515307235]"
2012-12-31,mango_mdd,medium,2012Q3,233,0.9615151171569122,1.2497826280588071,3.068773454141473,"[0.8975741960999902, 0.1833614430114399, 9.30476410163911, 1.9444835569681498, 504.25512000066334, 15.978176698222098, 39.50045769735244]"
2013-03-31,mango_mdd,medium,2012Q4,234,1.3804310061692961,4.741281207626765,13.38002126861627,"[4.933653695058446, 3.0513681566304314, 9.011764817514909, 3.3549839696864048, 366.04440807138775, 3.646316264571046, 21.537298493885313]"
2013-06-30,mango_mdd,medium,2013Q1,235,0.502101273453946,15.512641161914262,9.895927708626408,"[1.5968033838842817, 0.1792503395151263, 34.033375045165485, 1.4945066221527066, 81.40239667768387, 22.622506653256902, 9.723249727089884]"
2013-09-30,mango_mdd,medium,2013Q2,236,2.105728891322992,0.705873852289142,5.773890217999977,"[8.955177574936842, 0.9799167066400188, 26.285762007846152, 2.3121349240139955, 486.5876079483043, 5.183933603072445, 46.36509860819409]"
2013-12-31,mango_mdd,medium,2013Q3,237,0.7548723199130412,4.108980781145245,15.590451180892277,"[4.066345764523831, 1.5077173864917797, 14.596868991427584, 2.2454714169923005, 273.3023473940257, 1.8834649934345706, 7.606686961719192]"
2014-03-31,mango_mdd,medium,2013Q4,238,0.7093675963590813,1.7950724202790769,2.544301238371284,"[5.808275034887977, 1.024297708924288, 40.887702662410135, 2.441337909833504, 568.1544291554023, 7.01168220906489, 33.965394364857715]"
2014-06-30,mango_mdd,medium,2014Q1,239,0.4808249010542615,5.2411042256371365,5.031122767401321,"[2.4322189033354316, 0.5379104017117577, 39.53764172201643, 0.17894530804538605, 301.843882946013, 11.137242377248416, 14.925309967435146]"
2014-09-30,mango_mdd,medium,2014Q2,240,1.398714862186295,0.5362277563095822,1.303985621573339,"[5.331374956059975, 1.0852994293347433, 34.97520879539407, 19.164777361622644, 489.46681823799815, 13.71743071531201, 13.534000574961055]"
2014-12-31,mango_mdd,medium,2014Q3,241,0.4472100836973414,9.032816911336246,0.6906145462606408,"[19.190370997478897, 0.9057112249945424, 7.617228372038637, 12.028739141092583, 116.65835856072721, 5.307766387154179, 40.576149750082536]"
2015-03-31,mango_mdd,medium,2014Q4,242,1.1962643597824105,3.0911447866916086,4.3067924757251115,"[9.799978803392086, 1.0011386643529685, 56.35616053025478, 9.28271747515392, 111.40009237572153, 5.022051255495206, 36.268710654290416]"
2015-06-30,mango_mdd,medium,2015Q1,243,1.0154002410341023,19.53791122698477,5.402120138175023,"[6.377475162288463, 0.4612563480259343, 39.425130498494944, 6.988521004290879, 63.45007968298326, 7.082880652806887, 21.171087332898338]"
2015-09-30,mango_mdd,medium,2015Q2,244,0.9595257561122329,3.7565521879121753,10.679493569413484,"[3.3586186646599687, 1.9238499854260789, 13.414867521193871, 2.779322728596921, 90.25088237933709, 2.620526586282012, 17.822057869479625]"
2015-12-31,mango_mdd,medium,2015Q3,245,1.171312433640297,1.8463816660216414,5.431011496997881,"[1.5836044600059527, 2.651199732355991, 54.16826046501727, 3.7485474177833744, 46.3158420659332, 14.709601748985929, 36.57607997505369]"
2016-03-31,mango_mdd,medium,2015Q4,246,1.0780230560690278,17.520182175947962,0.44635662673602017,"[1.1717163597174924, 1.6385609894319828, 54.52481345208424, 11.490106378592186, 32.89082236496918, 3.22231295494857, 16.65822384765207]"
2016-06-30,mango_mdd,medium,2016Q1,247,1.1861697502475501,3.920997559762335,7.410913025001487,"[3.7845922380673764, 2.9476461593755685, 16.509670963586537, 2.100310729234183, 308.69777508311796, 3.499517524016275, 19.984241322932007]"
2016-09-30,mango_mdd,medium,2016Q2,248,0.6596864833481487,2.326220265983216,5.003423849556377,"[1.697963120775582, 0.24292411888512122, 7.944010571344994, 5.074289903392477, 100.83667687667385, 27.14049826832061, 20.024119591055634]"
2016-12-31,mango_mdd,medium,2016Q3,249,0.3449279576782202,1.2724027891442797,6.163025029934438,"[2.1252756531340737, 1.647853939525272, 30.529127544472043, 7.713108302947764, 842.0736676477134, 3.633595011933233, 32.4150333693246]"
2017-03-31,mango_mdd,medium,2016Q4,250,0.7705706203500488,5.657745891474238,4.530962520759256,"[9.101080823387097, 0.8499908911629056, 33.789563644916846, 2.1103806951084487, 167.887677504918, 8.17098589823701, 22.935053279720066]"
2017-06-30,mango_mdd,medium,2017Q1,251,1.4649851454855085,14.640427202683531,0.13824108247533068,"[4.354545066990783, 3.8040041942040235, 29.480177319939013, 5.55463255270414, 82.80310542486104, 12.28750575344522, 55.24529490998787]"
2017-09-30,mango_mdd,medium,2017Q2,252,0.5506790173148014,1.567847553128399,4.16064003567731,"[2.908335386747336, 0.0492686849549829, 34.47676096338636, 4.003342001488329, 100.4598462193532, 44.10811509077993, 2.967906838339734]"
2017-12-31,mango_mdd,medium,2017Q3,253,0.49183152898653393,2.7575003645998475,2.7486308018400205,"[1.1844345974175041, 1.8638315679875774, 6.088252242420635, 1.9065852558443042, 58.33456106610791, 0.08677268346087844, 14.205487144233507]"
2018-03-31,mango_mdd,medium,2017Q4,254,1.173547571277589,2.9136983769504234,1.2087406127469251,"[4.096780000173421, 6.442362013117051, 25.972926863496003, 11.294845478539195, 334.2868655356548, 7.753112662979393, 21.609302521986187]"
2018-06-30,mango_mdd,medium,2018Q1,255,1.5546604955746912,0.4725714811812836,0.1847503034949981,"[9.734434603203521, 0.8444333940810873, 28.167880663753813, 2.5461461762887785, 234.6121929387734, 1.7961075920484446, 29.534657471593786]"
2018-09-30,mango_mdd,medium,2018Q2,256,1.5546604955746912,0.4725714811812836,0.1847503034949981,"[9.713862947413094, 0.8479601171812686, 28.06010556436073, 2.5278573948270964, 234.5138703544741, 1.7898796521276892, 27.42642930748791]"
2018-12-31,mango_mdd,medium,2018Q3,257,0.6197570477278896,8.198548149061976,3.153165773125306,"[3.0203782160704535, 0.410982807887459, 6.4721915616596, 12.897681993772723, 30.680603503636977, 1.558718362845634, 47.47793659327379]"
2019-03-31,mango_mdd,medium,2018Q4,258,1.0011657936919582,4.280297133858751,0.3656892611851825,"[3.4543421392067555, 3.9406515263862736, 31.502925576591462, 10.266897755657496, 34.00414985879856, 10.394518228900068, 43.856737325418024]"
2019-06-30,mango_mdd,medium,2019Q1,259,1.5546604955746912,0.4725714811812836,0.1847503034949981,"[9.60494716895615, 0.8407060250832306, 27.735276639340984, 2.5025755270362082, 232.23061478130882, 1.7896769612777221, 27.312554226775557]"
2019-09-30,mango_mdd,medium,2019Q2,260,0.49183152898653393,2.7575003645998475,2.7486308018400205,"[1.1557028484261398, 1.8326692079704867, 5.923804258239006, 1.861095207126201, 57.1386357279377, 0.08586386236201222, 13.11961182622291]"
2019-12-31,mango_mdd,medium,2019Q3,261,0.7421578681226755,4.638695732277126,11.88618642795166,"[3.9095329017658296, 1.561661019466639, 34.1904832787494, 14.318523957039151, 55.264273115927786, 1.7806546607344047, 20.316997352007164]"
