model,group,variable,horizon_quarters,rmse,baseline_rmse,relative_rmse_pct
mango_rmse,+0 months,CPI,1,0.5721999701882309,0.5794743587502362,-1.2553426138982524
mango_rmse,+0 months,CPI,2,0.6122185992866613,0.6120922844788593,0.02063656265648794
mango_rmse,+0 months,CPI,3,0.6350027033475085,0.6284589994561677,1.0412300399872374
mango_rmse,+0 months,CPI,4,0.6448147416919254,0.6251323558813553,3.148514970533005
mango_rmse,+0 months,CPI,5,0.672798353634884,0.6310410090161603,6.617215683625144
mango_rmse,+0 months,CPI,6,0.6703728368240546,0.6346798742301076,5.62377413294284
mango_rmse,+0 months,CPI,7,0.6960477501948915,0.6416147116164073,8.483757867919234
mango_rmse,+0 months,CPI,8,0.6545308597073816,0.5904762799665731,10.84795137654548
mango_rmse,+0 months,FF,1,0.47140874316024617,0.4046350923661181,16.502189764033258
mango_rmse,+0 months,FF,2,0.9309383584017453,0.7563268937809116,23.086771878220983
mango_rmse,+0 months,FF,3,1.3729223895133231,1.1455821702483442,19.84495090524106
mango_rmse,+0 months,FF,4,1.767302796208777,1.5207791537860285,16.21035124061374
mango_rmse,+0 months,FF,5,2.1095901492299336,1.8410864804772882,14.583979166640656
mango_rmse,+0 months,FF,6,2.406133449808308,2.112625684448938,13.893032140993274
mango_rmse,+0 months,FF,7,2.6535298897595556,2.333276431317568,13.725482936505086
mango_rmse,+0 months,FF,8,3.1150081393765596,2.781045933777212,12.008510954213563
mango_rmse,+0 months,GDP,1,0.771411497616267,0.7121427214741672,8.322598034760615
mango_rmse,+0 months,GDP,2,0.8375394853020465,0.8403219548510522,-0.3311194635511974
mango_rmse,+0 months,GDP,3,0.8330227873090625,0.8788352596084141,-5.212862342342116
mango_rmse,+0 months,GDP,4,0.8160280017001351,0.865271296833809,-5.691081550244921
mango_rmse,+0 months,GDP,5,0.8143982542042433,0.8478870989652252,-3.9496820746361423
mango_rmse,+0 months,GDP,6,0.8017470332558022,0.8355274691371571,-4.0430072174933676
mango_rmse,+0 months,GDP,7,0.7820435022592143,0.8012878657526193,-2.4016791362901246
mango_rmse,+0 months,GDP,8,0.6898924278218348,0.7148240738208234,-3.487801672056989
mango_rmse,+0 months,GOV,1,0.7966488095465329,0.8152038639938014,-2.2761244477380873
mango_rmse,+0 months,GOV,2,0.7506947223914188,0.7529345595323572,-0.29748098457980177
mango_rmse,+0 months,GOV,3,0.7430979409765963,0.7426329470063496,0.06261423925791831
mango_rmse,+0 months,GOV,4,0.7547971399085396,0.7529523776922274,0.24500383702436349
mango_rmse,+0 months,GOV,5,0.7619927973041287,0.7621143716200552,-0.01595224030063693
mango_rmse,+0 months,GOV,6,0.7596294454380197,0.7528848491515209,0.8958337113703083
mango_rmse,+0 months,GOV,7,0.7433026617464858,0.7568326295139953,-1.787709361341599
mango_rmse,+0 months,GOV,8,0.83166857835361,0.8461923495420649,-1.7163675843104451
mango_rmse,+0 months,HRS,1,0.755582715906148,0.5969637409131805,26.570956344907433
mango_rmse,+0 months,HRS,2,0.927562193804288,0.9047126121445276,2.5256176771536096
mango_rmse,+0 months,HRS,3,0.9354439668249784,1.003208600725103,-6.754789966029545
mango_rmse,+0 months,HRS,4,0.9228055364053254,0.9875614500003792,-6.5571528328722195
mango_rmse,+0 months,HRS,5,0.9016357142143927,0.9382979171655756,-3.907309424914069
mango_rmse,+0 months,HRS,6,0.8748897706957979,0.8993119446660424,-2.715651016879756
mango_rmse,+0 months,HRS,7,0.8577451787029282,0.864354527086984,-0.7646571142897101
mango_rmse,+0 months,HRS,8,1.045872594793991,1.0454357994856796,0.04178116997011408
mango_rmse,+0 months,INVFIX,1,2.5415841866282975,2.153451787969043,18.02373291232626
mango_rmse,+0 months,INVFIX,2,2.81039567628196,2.7507988140859068,2.1665292965402596
mango_rmse,+0 months,INVFIX,3,2.7587504837536314,2.8734537555233177,-3.991825918520703
mango_rmse,+0 months,INVFIX,4,2.695193490248599,2.820290781659793,-4.43561678904512
mango_rmse,+0 months,INVFIX,5,2.642791082111988,2.7100278280317514,-2.4810352581728314
mango_rmse,+0 months,INVFIX,6,2.564416420261325,2.6204672331056567,-2.1389625535558765
mango_rmse,+0 months,INVFIX,7,2.5531803234812047,2.5463955583435207,0.26644584402659033
mango_rmse,+0 months,INVFIX,8,2.995604058197085,2.960108157597835,1.1991420147314908
mango_rmse,+0 months,IP,1,1.3631856579769572,1.1555257174018956,17.971035819260514
mango_rmse,+0 months,IP,2,1.6601687246231775,1.651391305283893,0.5315166254781452
mango_rmse,+0 months,IP,3,1.6445363192345717,1.7164120002873107,-4.187554097775343
mango_rmse,+0 months,IP,4,1.6156729167530748,1.67502131437758,-3.543142831382925
mango_rmse,+0 months,IP,5,1.5864586259873987,1.6119718046945966,-1.5827310771128247
mango_rmse,+0 months,IP,6,1.5781653542284775,1.6029132688405616,-1.5439334799433722
mango_rmse,+0 months,IP,7,1.5563517813083478,1.5649468833212286,-0.5492264372986035
mango_rmse,+0 months,IP,8,1.7976203329080576,1.7828380004421023,0.8291461401590952
mango_rmse,+0 months,PCE,1,0.6445686251521083,0.6265706230355428,2.872461851047331
mango_rmse,+0 months,PCE,2,0.7357480593044247,0.7436083882429695,-1.0570522149592145
mango_rmse,+0 months,PCE,3,0.7102433680675893,0.7290289693267652,-2.5767976376197836
mango_rmse,+0 months,PCE,4,0.6990481739039178,0.7164353387124202,-2.4268993821201783
mango_rmse,+0 months,PCE,5,0.6693809338015225,0.67891024187113,-1.4036182520010272
mango_rmse,+0 months,PCE,6,0.6710908571994776,0.6671585939114887,0.589404576943903
mango_rmse,+0 months,PCE,7,0.6575332468396193,0.6476408568171853,1.5274499621672928
mango_rmse,+0 months,PCE,8,0.6139635408295466,0.6144443326707814,-0.07824823432659712
mango_rmse,+0 months,SP500,1,7.611812049043407,7.818826817761284,-2.647644890249023
mango_rmse,+0 months,SP500,2,8.27630404422436,8.304025384692403,-0.3338301508464091
mango_rmse,+0 months,SP500,3,8.188815793567652,8.219404372296896,-0.37215079516395666
mango_rmse,+0 months,SP500,4,8.027465842157348,8.127171656666746,-1.2268205806580907
mango_rmse,+0 months,SP500,5,8.011981376200968,8.092601039895037,-0.9962144840284217
mango_rmse,+0 months,SP500,6,7.867782629252053,7.961108731228272,-1.1722751833565284
mango_rmse,+0 months,SP500,7,8.075673496966544,8.115187729734362,-0.48691705089010173
mango_rmse,+0 months,SP500,8,7.7960150159843025,7.9814549210293215,-2.3233847322300476
mango_rmse,+0 months,TB,1,0.3719727370603641,0.3770188217162717,-1.338417173163063
mango_rmse,+0 months,TB,2,0.5398869188533504,0.5652988675821892,-4.495312158951765
mango_rmse,+0 months,TB,3,0.6668683713457833,0.7073713140468417,-5.725839017890454
mango_rmse,+0 months,TB,4,0.7819944036948869,0.8090064525408219,-3.3389163660066097
mango_rmse,+0 months,TB,5,0.846180553967954,0.8688093422148154,-2.604574691747088
mango_rmse,+0 months,TB,6,0.8890617910317028,0.8961681530779064,-0.792971946369294
mango_rmse,+0 months,TB,7,0.9380712022218308,0.9267241940373215,1.2244212741522873
mango_rmse,+0 months,TB,8,1.0620629341495333,1.0774781703654615,-1.4306773575467921
mango_rmse,+0 months,UNR,1,0.3378186652952473,0.27193943326699843,24.225700273327632
mango_rmse,+0 months,UNR,2,0.6623256490462566,0.566957344915496,16.821072164604388
mango_rmse,+0 months,UNR,3,0.9721190554564111,0.8977799144672666,8.28033015566589
mango_rmse,+0 months,UNR,4,1.256365207317496,1.2125911784986854,3.6099577165823913
mango_rmse,+0 months,UNR,5,1.5038964228251415,1.4760235568983675,1.888375412201715
mango_rmse,+0 months,UNR,6,1.7134750533691394,1.6928406818393247,1.2189198754010826
mango_rmse,+0 months,UNR,7,1.899871932657746,1.8814162331938513,0.9809471789538404
mango_rmse,+0 months,UNR,8,2.138534244402815,2.0718556557774104,3.218302802102544
mango_rmse,+1 month,CPI,1,0.4122654629011432,0.43956615457438114,-6.210826604626191
mango_rmse,+1 month,CPI,2,0.6291732454818258,0.6261953913135059,0.4755471230910262
mango_rmse,+1 month,CPI,3,0.6322128894433995,0.6428705395689448,-1.6578221382941958
mango_rmse,+1 month,CPI,4,0.6417269907681655,0.6376120493249735,0.6453675785375173
mango_rmse,+1 month,CPI,5,0.64679006878834,0.6310185162267299,2.499380312311354
mango_rmse,+1 month,CPI,6,0.6145298579237812,0.6328621064691313,-2.8967208429699642
mango_rmse,+1 month,CPI,7,0.6757153792128687,0.6367805884655543,6.11431809520691
mango_rmse,+1 month,CPI,8,0.6829048319081326,0.638719841528975,6.917741943539288
mango_rmse,+1 month,FF,1,0.30415316783817853,0.38267703570118533,-20.51961851306971
mango_rmse,+1 month,FF,2,0.7789432379433762,0.7774466524846978,0.19250008394728083
mango_rmse,+1 month,FF,3,1.1953326950629635,1.121696635923847,6.564703573214224
mango_rmse,+1 month,FF,4,1.5785073125203068,1.4585054968010152,8.227724611425556
mango_rmse,+1 month,FF,5,1.9266435477449155,1.7698983574785332,8.856169033892302
mango_rmse,+1 month,FF,6,2.217172914091282,2.0443403842250163,8.454195358068235
mango_rmse,+1 month,FF,7,2.474386608028595,2.2714885250797505,8.932384236531455
mango_rmse,+1 month,FF,8,2.6980487677798926,2.4568353991174448,9.81805165902028
mango_rmse,+1 month,GDP,1,0.6656538740956561,0.5495453204094503,21.12811252758858
mango_rmse,+1 month,GDP,2,0.8460213360239246,0.828372969633666,2.130485546632849
mango_rmse,+1 month,GDP,3,0.8417529197603224,0.8809488885925474,-4.449289776033049
mango_rmse,+1 month,GDP,4,0.8300292272877204,0.871747707804856,-4.78561401924264
mango_rmse,+1 month,GDP,5,0.8082014511025281,0.8455366816443673,-4.415566036618443
mango_rmse,+1 month,GDP,6,0.7765472446429151,0.8372690226240509,-7.252361706973238
mango_rmse,+1 month,GDP,7,0.7670660791587189,0.8103422421629907,-5.340479707531678
mango_rmse,+1 month,GDP,8,0.7976029407340164,0.8034215112459515,-0.7242238887668877
mango_rmse,+1 month,GOV,1,0.8234991152676858,0.8256718445405571,-0.2631468285176025
mango_rmse,+1 month,GOV,2,0.766681964675654,0.7774324246159132,-1.3828159978753733
mango_rmse,+1 month,GOV,3,0.7569098112181831,0.7471280777008346,1.3092445337418273
mango_rmse,+1 month,GOV,4,0.7550247452632922,0.7432287195478422,1.5871326558298722
mango_rmse,+1 month,GOV,5,0.7241332765679543,0.7096137742089624,2.0461133769813635
mango_rmse,+1 month,GOV,6,0.7577042907984015,0.7574140520634319,0.03831969240323475
mango_rmse,+1 month,GOV,7,0.7485742523764055,0.7598454870922362,-1.4833587758694549
mango_rmse,+1 month,GOV,8,0.7566250126001852,0.7518869072530638,0.6301619700270519
mango_rmse,+1 month,HRS,1,0.5635938828913284,0.4110908403252767,37.097163839842125
mango_rmse,+1 month,HRS,2,0.909177182351254,0.8366375540945098,8.670376784036861
mango_rmse,+1 month,HRS,3,0.9434498643321587,1.000241924155253,-5.6778323775078245
mango_rmse,+1 month,HRS,4,0.934373076542329,1.00845677765215,-7.346244554208837
mango_rmse,+1 month,HRS,5,0.9115146648625446,0.9674106910171844,-5.7779003967661176
mango_rmse,+1 month,HRS,6,0.8788349625130732,0.9189294623313258,-4.363174918402627
mango_rmse,+1 month,HRS,7,0.8542161709127695,0.8814624845769676,-3.0910349720980173
mango_rmse,+1 month,HRS,8,0.8505965049994374,0.8680302082905458,-2.0084212651356252
mango_rmse,+1 month,INVFIX,1,2.0706298808903174,1.622622996506686,27.610041602278333
mango_rmse,+1 month,INVFIX,2,2.785128238436339,2.680671138839692,3.896677144883218
mango_rmse,+1 month,INVFIX,3,2.8138667366779666,2.893026571716055,-2.736229103873492
mango_rmse,+1 month,INVFIX,4,2.755267663181295,2.8656434708446024,-3.851693652273349
mango_rmse,+1 month,INVFIX,5,2.6491500655562095,2.7425393428767335,-3.405211945749707
mango_rmse,+1 month,INVFIX,6,2.5574963509217405,2.656369109217939,-3.7221016444249897
mango_rmse,+1 month,INVFIX,7,2.4389431393191114,2.5867190732778473,-5.712871393161248
mango_rmse,+1 month,INVFIX,8,2.5905111534955396,2.585402201468275,0.19760763042450588
mango_rmse,+1 month,IP,1,1.1640820292928937,1.0288569329812276,13.143236146529755
mango_rmse,+1 month,IP,2,1.682785808880623,1.5625448250368357,7.695202205860088
mango_rmse,+1 month,IP,3,1.665656523336599,1.7291661903578266,-3.6728492249831226
mango_rmse,+1 month,IP,4,1.6277397300176526,1.6999496736816748,-4.24776949470705
mango_rmse,+1 month,IP,5,1.5838569332075834,1.65433821041614,-4.260391059384851
mango_rmse,+1 month,IP,6,1.5501885030581917,1.6060541802900539,-3.4784428768008837
mango_rmse,+1 month,IP,7,1.5262468531470403,1.5955506288647643,-4.343564814802125
mango_rmse,+1 month,IP,8,1.5590930161046417,1.5737916852936638,-0.9339653606239098
mango_rmse,+1 month,PCE,1,0.5191719113899703,0.48747877371857673,6.501439525178209
mango_rmse,+1 month,PCE,2,0.7244049307771886,0.7292276558911808,-0.6613469847215792
mango_rmse,+1 month,PCE,3,0.7224639281025678,0.7378323399901668,-2.082913834842736
mango_rmse,+1 month,PCE,4,0.7117648712231509,0.7207237668409904,-1.2430415132703712
mango_rmse,+1 month,PCE,5,0.6618431431826625,0.6826551540297816,-3.0486858151240437
mango_rmse,+1 month,PCE,6,0.6429224270039078,0.6616197848367851,-2.825997387228942
mango_rmse,+1 month,PCE,7,0.6513986237406861,0.6488356100829002,0.39501741549888325
mango_rmse,+1 month,PCE,8,0.6526474955627052,0.6446608458637725,1.2388916978867386
mango_rmse,+1 month,SP500,1,4.546756004801443,4.869592016519829,-6.629631612323624
mango_rmse,+1 month,SP500,2,8.418632526817158,8.459571072197829,-0.48393169146854864
mango_rmse,+1 month,SP500,3,8.263630508708662,8.291043006932743,-0.3306278619126577
mango_rmse,+1 month,SP500,4,8.192090637193704,8.15125056510727,0.5010282994029943
mango_rmse,+1 month,SP500,5,8.087296891531535,8.150031421488634,-0.7697458661532458
mango_rmse,+1 month,SP500,6,7.557613179236821,8.060964528958467,-6.24430671929383
mango_rmse,+1 month,SP500,7,7.769610126330177,7.970202664513859,-2.5167808978909707
mango_rmse,+1 month,SP500,8,8.110928814086606,8.18029919783601,-0.8480176833599908
mango_rmse,+1 month,TB,1,0.22621058204703912,0.268461255304912,-15.738089732868737
mango_rmse,+1 month,TB,2,0.48739265368765416,0.5192286378960259,-6.1313999045535725
mango_rmse,+1 month,TB,3,0.6179502915138082,0.6757969232399245,-8.559765476407666
mango_rmse,+1 month,TB,4,0.7249765932630946,0.7535069614118214,-3.786344335196368
mango_rmse,+1 month,TB,5,0.8286454154767048,0.8562234335042529,-3.220890359737057
mango_rmse,+1 month,TB,6,0.869987140012904,0.8975079451811281,-3.0663578318150764
mango_rmse,+1 month,TB,7,0.8772511597155082,0.8642897292140547,1.4996626783058056
mango_rmse,+1 month,TB,8,0.9332781220858879,0.9186267920964791,1.5949164683050097
mango_rmse,+1 month,UNR,1,0.24135531357666765,0.18330535285763577,31.668448200809724
mango_rmse,+1 month,UNR,2,0.5667622678324996,0.48491804194096033,16.877950254015083
mango_rmse,+1 month,UNR,3,0.8811715714562836,0.8085111437682927,8.9869420165734
mango_rmse,+1 month,UNR,4,1.1851508956391508,1.1328676342755006,4.615125349316444
mango_rmse,+1 month,UNR,5,1.444749055747854,1.4145605268390555,2.134127761662982
mango_rmse,+1 month,UNR,6,1.6742043681491312,1.6554474885800845,1.1330398395865102
mango_rmse,+1 month,UNR,7,1.8634152628544278,1.8518459536244094,0.6247446882595777
mango_rmse,+1 month,UNR,8,2.0239386060632594,2.0201425820169785,0.18790871892274053
mango_rmse,+2 months,CPI,1,0.1908214647800218,0.19873602413477526,-3.982448269864808
mango_rmse,+2 months,CPI,2,0.597869241926745,0.6054278210252538,-1.2484690719545892
mango_rmse,+2 months,CPI,3,0.637317514693947,0.6272564120756967,1.6039856149029152
mango_rmse,+2 months,CPI,4,0.6254138414001744,0.6224319704914612,0.47906776163165865
mango_rmse,+2 months,CPI,5,0.645455793906561,0.6228577035983883,3.6281304987669736
mango_rmse,+2 months,CPI,6,0.6781185032453471,0.6304331220083563,7.563907982036304
mango_rmse,+2 months,CPI,7,0.6843256874869561,0.63440965124308,7.868107956124123
mango_rmse,+2 months,CPI,8,0.6888560047496328,0.6335399415771598,8.731266892939225
mango_rmse,+2 months,FF,1,0.0907544479406083,0.09964755872224758,-8.924564631259528
mango_rmse,+2 months,FF,2,0.5446942214423445,0.538874990216021,1.0798851926660507
mango_rmse,+2 months,FF,3,1.0052721514013587,0.916033818234754,9.741816447188782
mango_rmse,+2 months,FF,4,1.4107584736714422,1.2838911429065503,9.881470984968558
mango_rmse,+2 months,FF,5,1.7850245602564918,1.6279986154773605,9.645336506203865
mango_rmse,+2 months,FF,6,2.124957855018476,1.9252619687846741,10.372400715932704
mango_rmse,+2 months,FF,7,2.3956226004592804,2.1759175779915565,10.097120621201052
mango_rmse,+2 months,FF,8,2.6263413248776746,2.3817657665134746,10.268665449928758
mango_rmse,+2 months,GDP,1,0.6437392658824884,0.6532777104901972,-1.460090319100507
mango_rmse,+2 months,GDP,2,0.8558313473664244,0.7493854887330308,14.20441951889931
mango_rmse,+2 months,GDP,3,0.8548281292083012,0.872004506849739,-1.969757897638657
mango_rmse,+2 months,GDP,4,0.8352554341498867,0.8856692309032881,-5.692169829811601
mango_rmse,+2 months,GDP,5,0.8250912855123232,0.8624750810478434,-4.334478335316266
mango_rmse,+2 months,GDP,6,0.8163271637765744,0.8311522845172453,-1.7836828481175018
mango_rmse,+2 months,GDP,7,0.7893655481286262,0.817962373311407,-3.496105214107888
mango_rmse,+2 months,GDP,8,0.7996519887860759,0.8027021730547639,-0.3799895367269518
mango_rmse,+2 months,GOV,1,0.8769680607412168,1.175000168809491,-25.364431085166576
mango_rmse,+2 months,GOV,2,0.7466069776504597,0.7567111250071601,-1.3352714163684052
mango_rmse,+2 months,GOV,3,0.759596465917446,0.7489510923358996,1.4213709934442555
mango_rmse,+2 months,GOV,4,0.7569658471592708,0.743844167970289,1.764036037922663
mango_rmse,+2 months,GOV,5,0.7227880794025178,0.7148283532372113,1.1135157313304145
mango_rmse,+2 months,GOV,6,0.7684525224095585,0.7618221999694004,0.870324130804336
mango_rmse,+2 months,GOV,7,0.7722434172751401,0.7620127746417931,1.3425815122530294
mango_rmse,+2 months,GOV,8,0.7536255243632842,0.7621795262264296,-1.1223080086520363
mango_rmse,+2 months,HRS,1,0.3602702542968436,0.3237964371945951,11.26442817538739
mango_rmse,+2 months,HRS,2,0.807121311027971,0.6959227701204533,15.978574876673594
mango_rmse,+2 months,HRS,3,0.9371337886269757,0.9533185157719051,-1.6977250391307601
mango_rmse,+2 months,HRS,4,0.949565635607332,1.012043741363437,-6.173459031714766
mango_rmse,+2 months,HRS,5,0.935078400756157,0.9845686916124107,-5.0265960392468205
mango_rmse,+2 months,HRS,6,0.9081398866746464,0.9343800227330279,-2.808293779829543
mango_rmse,+2 months,HRS,7,0.8861392479908654,0.8948466771837488,-0.973063812483194
mango_rmse,+2 months,HRS,8,0.8653714468255388,0.8694745753345718,-0.47190896955833067
mango_rmse,+2 months,INVFIX,1,1.9285798204773175,1.3315363768786888,44.83868814746044
mango_rmse,+2 months,INVFIX,2,2.733270424990229,2.386888425527389,14.511863887659775
mango_rmse,+2 months,INVFIX,3,2.848799102578381,2.8330337820281297,0.5564819117322732
mango_rmse,+2 months,INVFIX,4,2.801726162079284,2.885725023505131,-2.9108408022819203
mango_rmse,+2 months,INVFIX,5,2.7143904559753445,2.7825379885681656,-2.4491141854235168
mango_rmse,+2 months,INVFIX,6,2.6213386386114763,2.69489833965248,-2.729590944439474
mango_rmse,+2 months,INVFIX,7,2.5948974523730035,2.6023250153809334,-0.2854202670315815
mango_rmse,+2 months,INVFIX,8,2.599643889878749,2.589418647160235,0.39488565241189205
mango_rmse,+2 months,IP,1,0.7561082992642144,0.737340065711459,2.545397222466937
mango_rmse,+2 months,IP,2,1.5154902997313324,1.3291014730717576,14.02367166359402
mango_rmse,+2 months,IP,3,1.6789040315529966,1.7064556953205852,-1.6145548837359371
mango_rmse,+2 months,IP,4,1.6752341291519017,1.729258349011728,-3.1241265881816367
mango_rmse,+2 months,IP,5,1.6426561230905448,1.684015706668161,-2.4560093717561835
mango_rmse,+2 months,IP,6,1.6073948469205377,1.6083921235900096,-0.06200457306679317
mango_rmse,+2 months,IP,7,1.5951142424703444,1.598620425128141,-0.21932552610264747
mango_rmse,+2 months,IP,8,1.5754356940061875,1.5710267367750193,0.2806417693577221
mango_rmse,+2 months,PCE,1,0.38685059226792756,0.3815328997967037,1.3937703600547586
mango_rmse,+2 months,PCE,2,0.7026391053718023,0.6757162206083249,3.984347858223618
mango_rmse,+2 months,PCE,3,0.7420146512073611,0.7477758156111205,-0.7704400548245978
mango_rmse,+2 months,PCE,4,0.7231429292320037,0.7270199150808854,-0.533270928135482
mango_rmse,+2 months,PCE,5,0.6933989692144745,0.6953613087435883,-0.28220430220073367
mango_rmse,+2 months,PCE,6,0.673038073750196,0.668029602966566,0.7497378501474355
mango_rmse,+2 months,PCE,7,0.6591038527442052,0.6509990461671747,1.2449797929426163
mango_rmse,+2 months,PCE,8,0.6574030213506169,0.6445906692061024,1.9876726047391544
mango_rmse,+2 months,SP500,1,1.8383990190278068,1.9965481003816856,-7.921125532795581
mango_rmse,+2 months,SP500,2,8.570146112549557,8.641687877780589,-0.8278679610146481
mango_rmse,+2 months,SP500,3,8.452381184030273,8.35151524105806,1.2077561982564757
mango_rmse,+2 months,SP500,4,8.204517134760906,8.196766295162353,0.09455972415764284
mango_rmse,+2 months,SP500,5,8.013880942923432,8.139254947138106,-1.5403621710947555
mango_rmse,+2 months,SP500,6,8.033134169856947,8.080916517023466,-0.5912986115604558
mango_rmse,+2 months,SP500,7,7.81752911756375,7.952405401195157,-1.6960438612842372
mango_rmse,+2 months,SP500,8,8.18843870021719,8.16570022253994,0.2784632922781754
mango_rmse,+2 months,TB,1,0.10396289505526035,0.08606680202512419,20.79325896750761
mango_rmse,+2 months,TB,2,0.39819618802345924,0.36340084736395417,9.574920067441877
mango_rmse,+2 months,TB,3,0.5569919224674439,0.5465756119651274,1.9057400795594017
mango_rmse,+2 months,TB,4,0.6493157196792113,0.6497759686866486,-0.07083195279867208
mango_rmse,+2 months,TB,5,0.7812733933579649,0.7656314045325305,2.0430181850997626
mango_rmse,+2 months,TB,6,0.8393570757903859,0.8215945537194902,2.161957134511408
mango_rmse,+2 months,TB,7,0.8444545664886199,0.8211114542967947,2.8428676849742005
mango_rmse,+2 months,TB,8,0.9001390382400158,0.8736157092732274,3.036040753989366
mango_rmse,+2 months,UNR,1,0.09982876017788336,0.10052045663030265,-0.68811511169635
mango_rmse,+2 months,UNR,2,0.3935896161200848,0.35809789544443543,9.911178235661113
mango_rmse,+2 months,UNR,3,0.7062130442108477,0.6544990343105518,7.901311872029178
mango_rmse,+2 months,UNR,4,1.0177922250874374,0.9849851632228952,3.330716348782015
mango_rmse,+2 months,UNR,5,1.3022163022436173,1.2893703025014835,0.996300265114797
mango_rmse,+2 months,UNR,6,1.5545188317109906,1.5500258369140683,0.2898658002931999
mango_rmse,+2 months,UNR,7,1.7638308969752212,1.7570499834713615,0.38592604465712393
mango_rmse,+2 months,UNR,8,1.9512248435183148,1.9413842383492048,0.5068860133261233
paper,+0 months,CPI,1,0.5794743587502362,0.5794743587502362,0.0
paper,+0 months,CPI,2,0.6120922844788593,0.6120922844788593,0.0
paper,+0 months,CPI,3,0.6284589994561677,0.6284589994561677,0.0
paper,+0 months,CPI,4,0.6251323558813553,0.6251323558813553,0.0
paper,+0 months,CPI,5,0.6310410090161603,0.6310410090161603,0.0
paper,+0 months,CPI,6,0.6346798742301076,0.6346798742301076,0.0
paper,+0 months,CPI,7,0.6416147116164073,0.6416147116164073,0.0
paper,+0 months,CPI,8,0.5904762799665731,0.5904762799665731,0.0
paper,+0 months,FF,1,0.4046350923661181,0.4046350923661181,0.0
paper,+0 months,FF,2,0.7563268937809116,0.7563268937809116,0.0
paper,+0 months,FF,3,1.1455821702483442,1.1455821702483442,0.0
paper,+0 months,FF,4,1.5207791537860285,1.5207791537860285,0.0
paper,+0 months,FF,5,1.8410864804772882,1.8410864804772882,0.0
paper,+0 months,FF,6,2.112625684448938,2.112625684448938,0.0
paper,+0 months,FF,7,2.333276431317568,2.333276431317568,0.0
paper,+0 months,FF,8,2.781045933777212,2.781045933777212,0.0
paper,+0 months,GDP,1,0.7121427214741672,0.7121427214741672,0.0
paper,+0 months,GDP,2,0.8403219548510522,0.8403219548510522,0.0
paper,+0 months,GDP,3,0.8788352596084141,0.8788352596084141,0.0
paper,+0 months,GDP,4,0.865271296833809,0.865271296833809,0.0
paper,+0 months,GDP,5,0.8478870989652252,0.8478870989652252,0.0
paper,+0 months,GDP,6,0.8355274691371571,0.8355274691371571,0.0
paper,+0 months,GDP,7,0.8012878657526193,0.8012878657526193,0.0
paper,+0 months,GDP,8,0.7148240738208234,0.7148240738208234,0.0
paper,+0 months,GOV,1,0.8152038639938014,0.8152038639938014,0.0
paper,+0 months,GOV,2,0.7529345595323572,0.7529345595323572,0.0
paper,+0 months,GOV,3,0.7426329470063496,0.7426329470063496,0.0
paper,+0 months,GOV,4,0.7529523776922274,0.7529523776922274,0.0
paper,+0 months,GOV,5,0.7621143716200552,0.7621143716200552,0.0
paper,+0 months,GOV,6,0.7528848491515209,0.7528848491515209,0.0
paper,+0 months,GOV,7,0.7568326295139953,0.7568326295139953,0.0
paper,+0 months,GOV,8,0.8461923495420649,0.8461923495420649,0.0
paper,+0 months,HRS,1,0.5969637409131805,0.5969637409131805,0.0
paper,+0 months,HRS,2,0.9047126121445276,0.9047126121445276,0.0
paper,+0 months,HRS,3,1.003208600725103,1.003208600725103,0.0
paper,+0 months,HRS,4,0.9875614500003792,0.9875614500003792,0.0
paper,+0 months,HRS,5,0.9382979171655756,0.9382979171655756,0.0
paper,+0 months,HRS,6,0.8993119446660424,0.8993119446660424,0.0
paper,+0 months,HRS,7,0.864354527086984,0.864354527086984,0.0
paper,+0 months,HRS,8,1.0454357994856796,1.0454357994856796,0.0
paper,+0 months,INVFIX,1,2.153451787969043,2.153451787969043,0.0
paper,+0 months,INVFIX,2,2.7507988140859068,2.7507988140859068,0.0
paper,+0 months,INVFIX,3,2.8734537555233177,2.8734537555233177,0.0
paper,+0 months,INVFIX,4,2.820290781659793,2.820290781659793,0.0
paper,+0 months,INVFIX,5,2.7100278280317514,2.7100278280317514,0.0
paper,+0 months,INVFIX,6,2.6204672331056567,2.6204672331056567,0.0
paper,+0 months,INVFIX,7,2.5463955583435207,2.5463955583435207,0.0
paper,+0 months,INVFIX,8,2.960108157597835,2.960108157597835,0.0
paper,+0 months,IP,1,1.1555257174018956,1.1555257174018956,0.0
paper,+0 months,IP,2,1.651391305283893,1.651391305283893,0.0
paper,+0 months,IP,3,1.7164120002873107,1.7164120002873107,0.0
paper,+0 months,IP,4,1.67502131437758,1.67502131437758,0.0
paper,+0 months,IP,5,1.6119718046945966,1.6119718046945966,0.0
paper,+0 months,IP,6,1.6029132688405616,1.6029132688405616,0.0
paper,+0 months,IP,7,1.5649468833212286,1.5649468833212286,0.0
paper,+0 months,IP,8,1.7828380004421023,1.7828380004421023,0.0
paper,+0 months,PCE,1,0.6265706230355428,0.6265706230355428,0.0
paper,+0 months,PCE,2,0.7436083882429695,0.7436083882429695,0.0
paper,+0 months,PCE,3,0.7290289693267652,0.7290289693267652,0.0
paper,+0 months,PCE,4,0.7164353387124202,0.7164353387124202,0.0
paper,+0 months,PCE,5,0.67891024187113,0.67891024187113,0.0
paper,+0 months,PCE,6,0.6671585939114887,0.6671585939114887,0.0
paper,+0 months,PCE,7,0.6476408568171853,0.6476408568171853,0.0
paper,+0 months,PCE,8,0.6144443326707814,0.6144443326707814,0.0
paper,+0 months,SP500,1,7.818826817761284,7.818826817761284,0.0
paper,+0 months,SP500,2,8.304025384692403,8.304025384692403,0.0
paper,+0 months,SP500,3,8.219404372296896,8.219404372296896,0.0
paper,+0 months,SP500,4,8.127171656666746,8.127171656666746,0.0
paper,+0 months,SP500,5,8.092601039895037,8.092601039895037,0.0
paper,+0 months,SP500,6,7.961108731228272,7.961108731228272,0.0
paper,+0 months,SP500,7,8.115187729734362,8.115187729734362,0.0
paper,+0 months,SP500,8,7.9814549210293215,7.9814549210293215,0.0
paper,+0 months,TB,1,0.3770188217162717,0.3770188217162717,0.0
paper,+0 months,TB,2,0.5652988675821892,0.5652988675821892,0.0
paper,+0 months,TB,3,0.7073713140468417,0.7073713140468417,0.0
paper,+0 months,TB,4,0.8090064525408219,0.8090064525408219,0.0
paper,+0 months,TB,5,0.8688093422148154,0.8688093422148154,0.0
paper,+0 months,TB,6,0.8961681530779064,0.8961681530779064,0.0
paper,+0 months,TB,7,0.9267241940373215,0.9267241940373215,0.0
paper,+0 months,TB,8,1.0774781703654615,1.0774781703654615,0.0
paper,+0 months,UNR,1,0.27193943326699843,0.27193943326699843,0.0
paper,+0 months,UNR,2,0.566957344915496,0.566957344915496,0.0
paper,+0 months,UNR,3,0.8977799144672666,0.8977799144672666,0.0
paper,+0 months,UNR,4,1.2125911784986854,1.2125911784986854,0.0
paper,+0 months,UNR,5,1.4760235568983675,1.4760235568983675,0.0
paper,+0 months,UNR,6,1.6928406818393247,1.6928406818393247,0.0
paper,+0 months,UNR,7,1.8814162331938513,1.8814162331938513,0.0
paper,+0 months,UNR,8,2.0718556557774104,2.0718556557774104,0.0
paper,+1 month,CPI,1,0.43956615457438114,0.43956615457438114,0.0
paper,+1 month,CPI,2,0.6261953913135059,0.6261953913135059,0.0
paper,+1 month,CPI,3,0.6428705395689448,0.6428705395689448,0.0
paper,+1 month,CPI,4,0.6376120493249735,0.6376120493249735,0.0
paper,+1 month,CPI,5,0.6310185162267299,0.6310185162267299,0.0
paper,+1 month,CPI,6,0.6328621064691313,0.6328621064691313,0.0
paper,+1 month,CPI,7,0.6367805884655543,0.6367805884655543,0.0
paper,+1 month,CPI,8,0.638719841528975,0.638719841528975,0.0
paper,+1 month,FF,1,0.38267703570118533,0.38267703570118533,0.0
paper,+1 month,FF,2,0.7774466524846978,0.7774466524846978,0.0
paper,+1 month,FF,3,1.121696635923847,1.121696635923847,0.0
paper,+1 month,FF,4,1.4585054968010152,1.4585054968010152,0.0
paper,+1 month,FF,5,1.7698983574785332,1.7698983574785332,0.0
paper,+1 month,FF,6,2.0443403842250163,2.0443403842250163,0.0
paper,+1 month,FF,7,2.2714885250797505,2.2714885250797505,0.0
paper,+1 month,FF,8,2.4568353991174448,2.4568353991174448,0.0
paper,+1 month,GDP,1,0.5495453204094503,0.5495453204094503,0.0
paper,+1 month,GDP,2,0.828372969633666,0.828372969633666,0.0
paper,+1 month,GDP,3,0.8809488885925474,0.8809488885925474,0.0
paper,+1 month,GDP,4,0.871747707804856,0.871747707804856,0.0
paper,+1 month,GDP,5,0.8455366816443673,0.8455366816443673,0.0
paper,+1 month,GDP,6,0.8372690226240509,0.8372690226240509,0.0
paper,+1 month,GDP,7,0.8103422421629907,0.8103422421629907,0.0
paper,+1 month,GDP,8,0.8034215112459515,0.8034215112459515,0.0
paper,+1 month,GOV,1,0.8256718445405571,0.8256718445405571,0.0
paper,+1 month,GOV,2,0.7774324246159132,0.7774324246159132,0.0
paper,+1 month,GOV,3,0.7471280777008346,0.7471280777008346,0.0
paper,+1 month,GOV,4,0.7432287195478422,0.7432287195478422,0.0
paper,+1 month,GOV,5,0.7096137742089624,0.7096137742089624,0.0
paper,+1 month,GOV,6,0.7574140520634319,0.7574140520634319,0.0
paper,+1 month,GOV,7,0.7598454870922362,0.7598454870922362,0.0
paper,+1 month,GOV,8,0.7518869072530638,0.7518869072530638,0.0
paper,+1 month,HRS,1,0.4110908403252767,0.4110908403252767,0.0
paper,+1 month,HRS,2,0.8366375540945098,0.8366375540945098,0.0
paper,+1 month,HRS,3,1.000241924155253,1.000241924155253,0.0
paper,+1 month,HRS,4,1.00845677765215,1.00845677765215,0.0
paper,+1 month,HRS,5,0.9674106910171844,0.9674106910171844,0.0
paper,+1 month,HRS,6,0.9189294623313258,0.9189294623313258,0.0
paper,+1 month,HRS,7,0.8814624845769676,0.8814624845769676,0.0
paper,+1 month,HRS,8,0.8680302082905458,0.8680302082905458,0.0
paper,+1 month,INVFIX,1,1.622622996506686,1.622622996506686,0.0
paper,+1 month,INVFIX,2,2.680671138839692,2.680671138839692,0.0
paper,+1 month,INVFIX,3,2.893026571716055,2.893026571716055,0.0
paper,+1 month,INVFIX,4,2.8656434708446024,2.8656434708446024,0.0
paper,+1 month,INVFIX,5,2.7425393428767335,2.7425393428767335,0.0
paper,+1 month,INVFIX,6,2.656369109217939,2.656369109217939,0.0
paper,+1 month,INVFIX,7,2.5867190732778473,2.5867190732778473,0.0
paper,+1 month,INVFIX,8,2.585402201468275,2.585402201468275,0.0
paper,+1 month,IP,1,1.0288569329812276,1.0288569329812276,0.0
paper,+1 month,IP,2,1.5625448250368357,1.5625448250368357,0.0
paper,+1 month,IP,3,1.7291661903578266,1.7291661903578266,0.0
paper,+1 month,IP,4,1.6999496736816748,1.6999496736816748,0.0
paper,+1 month,IP,5,1.65433821041614,1.65433821041614,0.0
paper,+1 month,IP,6,1.6060541802900539,1.6060541802900539,0.0
paper,+1 month,IP,7,1.5955506288647643,1.5955506288647643,0.0
paper,+1 month,IP,8,1.5737916852936638,1.5737916852936638,0.0
paper,+1 month,PCE,1,0.48747877371857673,0.48747877371857673,0.0
paper,+1 month,PCE,2,0.7292276558911808,0.7292276558911808,0.0
paper,+1 month,PCE,3,0.7378323399901668,0.7378323399901668,0.0
paper,+1 month,PCE,4,0.7207237668409904,0.7207237668409904,0.0
paper,+1 month,PCE,5,0.6826551540297816,0.6826551540297816,0.0
paper,+1 month,PCE,6,0.6616197848367851,0.6616197848367851,0.0
paper,+1 month,PCE,7,0.6488356100829002,0.6488356100829002,0.0
paper,+1 month,PCE,8,0.6446608458637725,0.6446608458637725,0.0
paper,+1 month,SP500,1,4.869592016519829,4.869592016519829,0.0
paper,+1 month,SP500,2,8.459571072197829,8.459571072197829,0.0
paper,+1 month,SP500,3,8.291043006932743,8.291043006932743,0.0
paper,+1 month,SP500,4,8.15125056510727,8.15125056510727,0.0
paper,+1 month,SP500,5,8.150031421488634,8.150031421488634,0.0
paper,+1 month,SP500,6,8.060964528958467,8.060964528958467,0.0
paper,+1 month,SP500,7,7.970202664513859,7.970202664513859,0.0
paper,+1 month,SP500,8,8.18029919783601,8.18029919783601,0.0
paper,+1 month,TB,1,0.268461255304912,0.268461255304912,0.0
paper,+1 month,TB,2,0.5192286378960259,0.5192286378960259,0.0
paper,+1 month,TB,3,0.6757969232399245,0.6757969232399245,0.0
paper,+1 month,TB,4,0.7535069614118214,0.7535069614118214,0.0
paper,+1 month,TB,5,0.8562234335042529,0.8562234335042529,0.0
paper,+1 month,TB,6,0.8975079451811281,0.8975079451811281,0.0
paper,+1 month,TB,7,0.8642897292140547,0.8642897292140547,0.0
paper,+1 month,TB,8,0.9186267920964791,0.9186267920964791,0.0
paper,+1 month,UNR,1,0.18330535285763577,0.18330535285763577,0.0
paper,+1 month,UNR,2,0.48491804194096033,0.48491804194096033,0.0
paper,+1 month,UNR,3,0.8085111437682927,0.8085111437682927,0.0
paper,+1 month,UNR,4,1.1328676342755006,1.1328676342755006,0.0
paper,+1 month,UNR,5,1.4145605268390555,1.4145605268390555,0.0
paper,+1 month,UNR,6,1.6554474885800845,1.6554474885800845,0.0
paper,+1 month,UNR,7,1.8518459536244094,1.8518459536244094,0.0
paper,+1 month,UNR,8,2.0201425820169785,2.0201425820169785,0.0
paper,+2 months,CPI,1,0.19873602413477526,0.19873602413477526,0.0
paper,+2 months,CPI,2,0.6054278210252538,0.6054278210252538,0.0
paper,+2 months,CPI,3,0.6272564120756967,0.6272564120756967,0.0
paper,+2 months,CPI,4,0.6224319704914612,0.6224319704914612,0.0
paper,+2 months,CPI,5,0.6228577035983883,0.6228577035983883,0.0
paper,+2 months,CPI,6,0.6304331220083563,0.6304331220083563,0.0
paper,+2 months,CPI,7,0.63440965124308,0.63440965124308,0.0
paper,+2 months,CPI,8,0.6335399415771598,0.6335399415771598,0.0
paper,+2 months,FF,1,0.09964755872224758,0.09964755872224758,0.0
paper,+2 months,FF,2,0.538874990216021,0.538874990216021,0.0
paper,+2 months,FF,3,0.916033818234754,0.916033818234754,0.0
paper,+2 months,FF,4,1.2838911429065503,1.2838911429065503,0.0
paper,+2 months,FF,5,1.6279986154773605,1.6279986154773605,0.0
paper,+2 months,FF,6,1.9252619687846741,1.9252619687846741,0.0
paper,+2 months,FF,7,2.1759175779915565,2.1759175779915565,0.0
paper,+2 months,FF,8,2.3817657665134746,2.3817657665134746,0.0
paper,+2 months,GDP,1,0.6532777104901972,0.6532777104901972,0.0
paper,+2 months,GDP,2,0.7493854887330308,0.7493854887330308,0.0
paper,+2 months,GDP,3,0.872004506849739,0.872004506849739,0.0
paper,+2 months,GDP,4,0.8856692309032881,0.8856692309032881,0.0
paper,+2 months,GDP,5,0.8624750810478434,0.8624750810478434,0.0
paper,+2 months,GDP,6,0.8311522845172453,0.8311522845172453,0.0
paper,+2 months,GDP,7,0.817962373311407,0.817962373311407,0.0
paper,+2 months,GDP,8,0.8027021730547639,0.8027021730547639,0.0
paper,+2 months,GOV,1,1.175000168809491,1.175000168809491,0.0
paper,+2 months,GOV,2,0.7567111250071601,0.7567111250071601,0.0
paper,+2 months,GOV,3,0.7489510923358996,0.7489510923358996,0.0
paper,+2 months,GOV,4,0.743844167970289,0.743844167970289,0.0
paper,+2 months,GOV,5,0.7148283532372113,0.7148283532372113,0.0
paper,+2 months,GOV,6,0.7618221999694004,0.7618221999694004,0.0
paper,+2 months,GOV,7,0.7620127746417931,0.7620127746417931,0.0
paper,+2 months,GOV,8,0.7621795262264296,0.7621795262264296,0.0
paper,+2 months,HRS,1,0.3237964371945951,0.3237964371945951,0.0
paper,+2 months,HRS,2,0.6959227701204533,0.6959227701204533,0.0
paper,+2 months,HRS,3,0.9533185157719051,0.9533185157719051,0.0
paper,+2 months,HRS,4,1.012043741363437,1.012043741363437,0.0
paper,+2 months,HRS,5,0.9845686916124107,0.9845686916124107,0.0
paper,+2 months,HRS,6,0.9343800227330279,0.9343800227330279,0.0
paper,+2 months,HRS,7,0.8948466771837488,0.8948466771837488,0.0
paper,+2 months,HRS,8,0.8694745753345718,0.8694745753345718,0.0
paper,+2 months,INVFIX,1,1.3315363768786888,1.3315363768786888,0.0
paper,+2 months,INVFIX,2,2.386888425527389,2.386888425527389,0.0
paper,+2 months,INVFIX,3,2.8330337820281297,2.8330337820281297,0.0
paper,+2 months,INVFIX,4,2.885725023505131,2.885725023505131,0.0
paper,+2 months,INVFIX,5,2.7825379885681656,2.7825379885681656,0.0
paper,+2 months,INVFIX,6,2.69489833965248,2.69489833965248,0.0
paper,+2 months,INVFIX,7,2.6023250153809334,2.6023250153809334,0.0
paper,+2 months,INVFIX,8,2.589418647160235,2.589418647160235,0.0
paper,+2 months,IP,1,0.737340065711459,0.737340065711459,0.0
paper,+2 months,IP,2,1.3291014730717576,1.3291014730717576,0.0
paper,+2 months,IP,3,1.7064556953205852,1.7064556953205852,0.0
paper,+2 months,IP,4,1.729258349011728,1.729258349011728,0.0
paper,+2 months,IP,5,1.684015706668161,1.684015706668161,0.0
paper,+2 months,IP,6,1.6083921235900096,1.6083921235900096,0.0
paper,+2 months,IP,7,1.598620425128141,1.598620425128141,0.0
paper,+2 months,IP,8,1.5710267367750193,1.5710267367750193,0.0
paper,+2 months,PCE,1,0.3815328997967037,0.3815328997967037,0.0
paper,+2 months,PCE,2,0.6757162206083249,0.6757162206083249,0.0
paper,+2 months,PCE,3,0.7477758156111205,0.7477758156111205,0.0
paper,+2 months,PCE,4,0.7270199150808854,0.7270199150808854,0.0
paper,+2 months,PCE,5,0.6953613087435883,0.6953613087435883,0.0
paper,+2 months,PCE,6,0.668029602966566,0.668029602966566,0.0
paper,+2 months,PCE,7,0.6509990461671747,0.6509990461671747,0.0
paper,+2 months,PCE,8,0.6445906692061024,0.6445906692061024,0.0
paper,+2 months,SP500,1,1.9965481003816856,1.9965481003816856,0.0
paper,+2 months,SP500,2,8.641687877780589,8.641687877780589,0.0
paper,+2 months,SP500,3,8.35151524105806,8.35151524105806,0.0
paper,+2 months,SP500,4,8.196766295162353,8.196766295162353,0.0
paper,+2 months,SP500,5,8.139254947138106,8.139254947138106,0.0
paper,+2 months,SP500,6,8.080916517023466,8.080916517023466,0.0
paper,+2 months,SP500,7,7.952405401195157,7.952405401195157,0.0
paper,+2 months,SP500,8,8.16570022253994,8.16570022253994,0.0
paper,+2 months,TB,1,0.08606680202512419,0.08606680202512419,0.0
paper,+2 months,TB,2,0.36340084736395417,0.36340084736395417,0.0
paper,+2 months,TB,3,0.5465756119651274,0.5465756119651274,0.0
paper,+2 months,TB,4,0.6497759686866486,0.6497759686866486,0.0
paper,+2 months,TB,5,0.7656314045325305,0.7656314045325305,0.0
paper,+2 months,TB,6,0.8215945537194902,0.8215945537194902,0.0
paper,+2 months,TB,7,0.8211114542967947,0.8211114542967947,0.0
paper,+2 months,TB,8,0.8736157092732274,0.8736157092732274,0.0
paper,+2 months,UNR,1,0.10052045663030265,0.10052045663030265,0.0
paper,+2 months,UNR,2,0.35809789544443543,0.35809789544443543,0.0
paper,+2 months,UNR,3,0.6544990343105518,0.6544990343105518,0.0
paper,+2 months,UNR,4,0.9849851632228952,0.9849851632228952,0.0
paper,+2 months,UNR,5,1.2893703025014835,1.2893703025014835,0.0
paper,+2 months,UNR,6,1.5500258369140683,1.5500258369140683,0.0
paper,+2 months,UNR,7,1.7570499834713615,1.7570499834713615,0.0
paper,+2 months,UNR,8,1.9413842383492048,1.9413842383492048,0.0
