model,model_size,variable,horizon_quarters,optimization_horizon,rmse,n
mango_mdd,small,DEFL,1,,20.267370504399814,80
mango_rmse,small,DEFL,1,h1q,20.338097095442784,80
mango_rmse,small,DEFL,1,h2q,20.345132334181418,80
mango_rmse,small,DEFL,1,h4q,20.374719893599934,80
mango_rmse,small,DEFL,1,h8q,20.338528351898987,80
mango_rmse_random,small,DEFL,1,h1q,20.315850001387236,80
mango_rmse_random,small,DEFL,1,h2q,20.314651529498068,80
mango_rmse_random,small,DEFL,1,h4q,20.341754791328682,80
mango_rmse_random,small,DEFL,1,h8q,20.32300799622627,80
paper,small,DEFL,1,,20.27358025142505,80
mango_mdd,small,DEFL,2,,20.265278978424742,80
mango_rmse,small,DEFL,2,h1q,20.404537830380164,80
mango_rmse,small,DEFL,2,h2q,20.420349604156765,80
mango_rmse,small,DEFL,2,h4q,20.47966637829147,80
mango_rmse,small,DEFL,2,h8q,20.406229837838122,80
mango_rmse_random,small,DEFL,2,h1q,20.361562432966345,80
mango_rmse_random,small,DEFL,2,h2q,20.358835223574562,80
mango_rmse_random,small,DEFL,2,h4q,20.411358212421913,80
mango_rmse_random,small,DEFL,2,h8q,20.372128467507874,80
paper,small,DEFL,2,,20.275385450708985,80
mango_mdd,small,DEFL,3,,20.27412700185194,80
mango_rmse,small,DEFL,3,h1q,20.484285040079623,80
mango_rmse,small,DEFL,3,h2q,20.5094257115944,80
mango_rmse,small,DEFL,3,h4q,20.597630559192158,80
mango_rmse,small,DEFL,3,h8q,20.48458775743734,80
mango_rmse_random,small,DEFL,3,h1q,20.420211572121165,80
mango_rmse_random,small,DEFL,3,h2q,20.413777790497136,80
mango_rmse_random,small,DEFL,3,h4q,20.492497525005913,80
mango_rmse_random,small,DEFL,3,h8q,20.43053246824944,80
paper,small,DEFL,3,,20.290086129962518,80
mango_mdd,small,DEFL,4,,20.29899269496467,80
mango_rmse,small,DEFL,4,h1q,20.5783276113403,80
mango_rmse,small,DEFL,4,h2q,20.61599506157059,80
mango_rmse,small,DEFL,4,h4q,20.73439195276631,80
mango_rmse,small,DEFL,4,h8q,20.58217736303481,80
mango_rmse_random,small,DEFL,4,h1q,20.495219396151086,80
mango_rmse_random,small,DEFL,4,h2q,20.48285569741207,80
mango_rmse_random,small,DEFL,4,h4q,20.58721315615964,80
mango_rmse_random,small,DEFL,4,h8q,20.498970713305518,80
paper,small,DEFL,4,,20.321689161132173,80
mango_mdd,small,DEFL,5,,20.341101412012545,80
mango_rmse,small,DEFL,5,h1q,20.690924419980544,80
mango_rmse,small,DEFL,5,h2q,20.739094823329125,80
mango_rmse,small,DEFL,5,h4q,20.88636456732067,80
mango_rmse,small,DEFL,5,h8q,20.699846010789013,80
mango_rmse_random,small,DEFL,5,h1q,20.5894607655703,80
mango_rmse_random,small,DEFL,5,h2q,20.569117987192527,80
mango_rmse_random,small,DEFL,5,h4q,20.695750859334854,80
mango_rmse_random,small,DEFL,5,h8q,20.583215032122986,80
paper,small,DEFL,5,,20.37311810788816,80
mango_mdd,small,DEFL,6,,20.40529610750965,80
mango_rmse,small,DEFL,6,h1q,20.824549649847743,80
mango_rmse,small,DEFL,6,h2q,20.88420214616468,80
mango_rmse,small,DEFL,6,h4q,21.06124445927854,80
mango_rmse,small,DEFL,6,h8q,20.842021441885763,80
mango_rmse_random,small,DEFL,6,h1q,20.703111486023296,80
mango_rmse_random,small,DEFL,6,h2q,20.6757195374568,80
mango_rmse_random,small,DEFL,6,h4q,20.821162790559207,80
mango_rmse_random,small,DEFL,6,h8q,20.685086126272978,80
paper,small,DEFL,6,,20.44792922529141,80
mango_mdd,small,DEFL,7,,20.486452089783192,80
mango_rmse,small,DEFL,7,h1q,20.975916404546815,80
mango_rmse,small,DEFL,7,h2q,21.042876087955992,80
mango_rmse,small,DEFL,7,h4q,21.252548760259327,80
mango_rmse,small,DEFL,7,h8q,21.003996300450392,80
mango_rmse_random,small,DEFL,7,h1q,20.835363126607213,80
mango_rmse_random,small,DEFL,7,h2q,20.800840212831467,80
mango_rmse_random,small,DEFL,7,h4q,20.962245356524768,80
mango_rmse_random,small,DEFL,7,h8q,20.805095514707524,80
paper,small,DEFL,7,,20.542781316619223,80
mango_mdd,small,DEFL,8,,20.58302704133141,80
mango_rmse,small,DEFL,8,h1q,21.143515065381845,80
mango_rmse,small,DEFL,8,h2q,21.2188461906412,80
mango_rmse,small,DEFL,8,h4q,21.457425063807268,80
mango_rmse,small,DEFL,8,h8q,21.183471712931944,80
mango_rmse_random,small,DEFL,8,h1q,20.983555787745168,80
mango_rmse_random,small,DEFL,8,h2q,20.942394435736826,80
mango_rmse_random,small,DEFL,8,h4q,21.11645892198006,80
mango_rmse_random,small,DEFL,8,h8q,20.9386197939457,80
paper,small,DEFL,8,,20.65584664017488,80
mango_mdd,small,FFR,1,,0.3915123824014775,80
mango_rmse,small,FFR,1,h1q,0.388429487364582,80
mango_rmse,small,FFR,1,h2q,0.38669637194977474,80
mango_rmse,small,FFR,1,h4q,0.37611459994842633,80
mango_rmse,small,FFR,1,h8q,0.4253510306571814,80
mango_rmse_random,small,FFR,1,h1q,0.3830410159971364,80
mango_rmse_random,small,FFR,1,h2q,0.3543086014550769,80
mango_rmse_random,small,FFR,1,h4q,0.39144918895024666,80
mango_rmse_random,small,FFR,1,h8q,0.3828459859843829,80
paper,small,FFR,1,,0.384011455669943,80
mango_mdd,small,FFR,2,,0.7691501632538552,80
mango_rmse,small,FFR,2,h1q,0.7904495064132404,80
mango_rmse,small,FFR,2,h2q,0.7797547536100412,80
mango_rmse,small,FFR,2,h4q,0.771845647546276,80
mango_rmse,small,FFR,2,h8q,0.8212435974725318,80
mango_rmse_random,small,FFR,2,h1q,0.7286338158470866,80
mango_rmse_random,small,FFR,2,h2q,0.6820893053770666,80
mango_rmse_random,small,FFR,2,h4q,0.7424856648288604,80
mango_rmse_random,small,FFR,2,h8q,0.7418210543212707,80
paper,small,FFR,2,,0.7465228768822912,80
mango_mdd,small,FFR,3,,1.112582921667329,80
mango_rmse,small,FFR,3,h1q,1.180244900305019,80
mango_rmse,small,FFR,3,h2q,1.1832751108726192,80
mango_rmse,small,FFR,3,h4q,1.1709932752136487,80
mango_rmse,small,FFR,3,h8q,1.2015812858021855,80
mango_rmse_random,small,FFR,3,h1q,1.0514936475879584,80
mango_rmse_random,small,FFR,3,h2q,1.0124076677043732,80
mango_rmse_random,small,FFR,3,h4q,1.0734457293350266,80
mango_rmse_random,small,FFR,3,h8q,1.065509775797425,80
paper,small,FFR,3,,1.0716737968984424,80
mango_mdd,small,FFR,4,,1.4190727570154453,80
mango_rmse,small,FFR,4,h1q,1.551892610832247,80
mango_rmse,small,FFR,4,h2q,1.5596219973171082,80
mango_rmse,small,FFR,4,h4q,1.5417348848022578,80
mango_rmse,small,FFR,4,h8q,1.5645654475802724,80
mango_rmse_random,small,FFR,4,h1q,1.351672158888646,80
mango_rmse_random,small,FFR,4,h2q,1.3176259292589658,80
mango_rmse_random,small,FFR,4,h4q,1.389983837485528,80
mango_rmse_random,small,FFR,4,h8q,1.3683612588080107,80
paper,small,FFR,4,,1.3632751243714705,80
mango_mdd,small,FFR,5,,1.6942312406088262,80
mango_rmse,small,FFR,5,h1q,1.9004769500991234,80
mango_rmse,small,FFR,5,h2q,1.8998198252957554,80
mango_rmse,small,FFR,5,h4q,1.8919895313865793,80
mango_rmse,small,FFR,5,h8q,1.9008713555479035,80
mango_rmse_random,small,FFR,5,h1q,1.6304233227848126,80
mango_rmse_random,small,FFR,5,h2q,1.5875797305808417,80
mango_rmse_random,small,FFR,5,h4q,1.681892637043501,80
mango_rmse_random,small,FFR,5,h8q,1.6538792303503647,80
paper,small,FFR,5,,1.631437150478811,80
mango_mdd,small,FFR,6,,1.9483790039874949,80
mango_rmse,small,FFR,6,h1q,2.2143656750368232,80
mango_rmse,small,FFR,6,h2q,2.201179640841607,80
mango_rmse,small,FFR,6,h4q,2.204225086000473,80
mango_rmse,small,FFR,6,h8q,2.191562695796078,80
mango_rmse_random,small,FFR,6,h1q,1.8762926575921888,80
mango_rmse_random,small,FFR,6,h2q,1.8412299703685995,80
mango_rmse_random,small,FFR,6,h4q,1.9537864508521585,80
mango_rmse_random,small,FFR,6,h8q,1.9136624610661859,80
paper,small,FFR,6,,1.8778269111574983,80
mango_mdd,small,FFR,7,,2.1641624803720583,80
mango_rmse,small,FFR,7,h1q,2.480742630379461,80
mango_rmse,small,FFR,7,h2q,2.457616313607871,80
mango_rmse,small,FFR,7,h4q,2.467400143575393,80
mango_rmse,small,FFR,7,h8q,2.4356504134959485,80
mango_rmse_random,small,FFR,7,h1q,2.0849796589295284,80
mango_rmse_random,small,FFR,7,h2q,2.0579552192601143,80
mango_rmse_random,small,FFR,7,h4q,2.1891065545192534,80
mango_rmse_random,small,FFR,7,h8q,2.141154785877021,80
paper,small,FFR,7,,2.091352155237531,80
mango_mdd,small,FFR,8,,2.341449787090988,80
mango_rmse,small,FFR,8,h1q,2.7033786450682507,80
mango_rmse,small,FFR,8,h2q,2.6699269184270853,80
mango_rmse,small,FFR,8,h4q,2.691463687303419,80
mango_rmse,small,FFR,8,h8q,2.6503327154484624,80
mango_rmse_random,small,FFR,8,h1q,2.2773473665662705,80
mango_rmse_random,small,FFR,8,h2q,2.2480993566459584,80
mango_rmse_random,small,FFR,8,h4q,2.3943720766486773,80
mango_rmse_random,small,FFR,8,h8q,2.347618211093331,80
paper,small,FFR,8,,2.2743575163747543,80
mango_mdd,small,GDP,1,,22.915135973710214,80
mango_rmse,small,GDP,1,h1q,22.92288170536736,80
mango_rmse,small,GDP,1,h2q,22.911907696431363,80
mango_rmse,small,GDP,1,h4q,22.917444864223654,80
mango_rmse,small,GDP,1,h8q,22.931958914173215,80
mango_rmse_random,small,GDP,1,h1q,22.937939850743753,80
mango_rmse_random,small,GDP,1,h2q,22.95319308719155,80
mango_rmse_random,small,GDP,1,h4q,22.948452907046793,80
mango_rmse_random,small,GDP,1,h8q,22.963531057075613,80
paper,small,GDP,1,,22.916916840203548,80
mango_mdd,small,GDP,2,,22.59759612117839,80
mango_rmse,small,GDP,2,h1q,22.595974432123878,80
mango_rmse,small,GDP,2,h2q,22.584971386872844,80
mango_rmse,small,GDP,2,h4q,22.595342978115035,80
mango_rmse,small,GDP,2,h8q,22.621227633768886,80
mango_rmse_random,small,GDP,2,h1q,22.646529727194036,80
mango_rmse_random,small,GDP,2,h2q,22.668411942995792,80
mango_rmse_random,small,GDP,2,h4q,22.677350796048213,80
mango_rmse_random,small,GDP,2,h8q,22.692132701673934,80
paper,small,GDP,2,,22.58953882725789,80
mango_mdd,small,GDP,3,,22.296800579973223,80
mango_rmse,small,GDP,3,h1q,22.29165515390796,80
mango_rmse,small,GDP,3,h2q,22.283525188730554,80
mango_rmse,small,GDP,3,h4q,22.30156564620284,80
mango_rmse,small,GDP,3,h8q,22.32397219696458,80
mango_rmse_random,small,GDP,3,h1q,22.359228977610663,80
mango_rmse_random,small,GDP,3,h2q,22.382887862024454,80
mango_rmse_random,small,GDP,3,h4q,22.413662209747407,80
mango_rmse_random,small,GDP,3,h8q,22.412746499051384,80
paper,small,GDP,3,,22.270142769657326,80
mango_mdd,small,GDP,4,,21.98070728182614,80
mango_rmse,small,GDP,4,h1q,21.967092826252024,80
mango_rmse,small,GDP,4,h2q,21.971716227759234,80
mango_rmse,small,GDP,4,h4q,21.999463418901232,80
mango_rmse,small,GDP,4,h8q,22.014124182882224,80
mango_rmse_random,small,GDP,4,h1q,22.04917265567985,80
mango_rmse_random,small,GDP,4,h2q,22.07322218864332,80
mango_rmse_random,small,GDP,4,h4q,22.123507772428223,80
mango_rmse_random,small,GDP,4,h8q,22.109800232491818,80
paper,small,GDP,4,,21.92841718665125,80
mango_mdd,small,GDP,5,,21.69568825872522,80
mango_rmse,small,GDP,5,h1q,21.667330722787153,80
mango_rmse,small,GDP,5,h2q,21.680498482420685,80
mango_rmse,small,GDP,5,h4q,21.723000329766105,80
mango_rmse,small,GDP,5,h8q,21.732176212775286,80
mango_rmse_random,small,GDP,5,h1q,21.754595516609232,80
mango_rmse_random,small,GDP,5,h2q,21.788700634825297,80
mango_rmse_random,small,GDP,5,h4q,21.85094103968807,80
mango_rmse_random,small,GDP,5,h8q,21.823012463731963,80
paper,small,GDP,5,,21.60984326229062,80
mango_mdd,small,GDP,6,,21.438564648225555,80
mango_rmse,small,GDP,6,h1q,21.410065381826424,80
mango_rmse,small,GDP,6,h2q,21.428886107629786,80
mango_rmse,small,GDP,6,h4q,21.483357435206234,80
mango_rmse,small,GDP,6,h8q,21.486047332005686,80
mango_rmse_random,small,GDP,6,h1q,21.49814922143507,80
mango_rmse_random,small,GDP,6,h2q,21.537382842955115,80
mango_rmse_random,small,GDP,6,h4q,21.60737229331706,80
mango_rmse_random,small,GDP,6,h8q,21.564942527756877,80
paper,small,GDP,6,,21.32403609572203,80
mango_mdd,small,GDP,7,,21.198086317215523,80
mango_rmse,small,GDP,7,h1q,21.16207512244536,80
mango_rmse,small,GDP,7,h2q,21.186193440632298,80
mango_rmse,small,GDP,7,h4q,21.254308880172974,80
mango_rmse,small,GDP,7,h8q,21.254333574188454,80
mango_rmse_random,small,GDP,7,h1q,21.24649697585047,80
mango_rmse_random,small,GDP,7,h2q,21.291686338525118,80
mango_rmse_random,small,GDP,7,h4q,21.373828175522608,80
mango_rmse_random,small,GDP,7,h8q,21.314930272121856,80
paper,small,GDP,7,,21.048561771304062,80
mango_mdd,small,GDP,8,,20.96884993595077,80
mango_rmse,small,GDP,8,h1q,20.92985937315633,80
mango_rmse,small,GDP,8,h2q,20.958296693319877,80
mango_rmse,small,GDP,8,h4q,21.0358242699371,80
mango_rmse,small,GDP,8,h8q,21.03463546017745,80
mango_rmse_random,small,GDP,8,h1q,21.012313056106667,80
mango_rmse_random,small,GDP,8,h2q,21.06552325329275,80
mango_rmse_random,small,GDP,8,h4q,21.149682674528247,80
mango_rmse_random,small,GDP,8,h8q,21.07892530862444,80
paper,small,GDP,8,,20.789897050423242,80
